{"name":"112d8cf6-0ede-4e40-a2ce-b6b3308a5c4d","id":"/providers/Microsoft.Flow/flows/112d8cf6-0ede-4e40-a2ce-b6b3308a5c4d","type":"Microsoft.Flow/flows","properties":{"apiId":"/providers/Microsoft.PowerApps/apis/shared_logicflows","displayName":"Implementing ChatOps using Microsoft Power Platform - Demo 3 - Incident management","definition":{"metadata":{"workflowEntityId":null,"flowclientsuspensionreason":"None","flowclientsuspensiontime":null,"creator":{"id":"fbe95aa6-f670-4838-bac7-c94df5e74cff","type":"User","tenantId":"f9c0f505-29be-470f-a3d0-3ebd6d384475"},"provisioningMethod":"FromDefinition","failureAlertSubscription":true,"clientLastModifiedTime":"2020-10-18T16:47:34.8223678Z"},"$schema":"https://schema.management.azure.com/providers/Microsoft.Logic/schemas/2016-06-01/workflowdefinition.json#","contentVersion":"1.0.0.0","parameters":{"$connections":{"defaultValue":{},"type":"Object"},"$authentication":{"defaultValue":{},"type":"SecureObject"},"cdsruntimecertificate":{"type":"String"},"cdsruntimecertificatepassword":{"type":"SecureString"}},"triggers":{"manual":{"type":"Request","kind":"Http","inputs":{"schema":{"type":"object","properties":{"schemaId":{"type":"string"},"data":{"type":"object","properties":{"essentials":{"type":"object","properties":{"alertId":{"type":"string"},"alertRule":{"type":"string"},"severity":{"type":"string"},"signalType":{"type":"string"},"monitorCondition":{"type":"string"},"monitoringService":{"type":"string"},"alertTargetIDs":{"type":"array","items":{"type":"string"}},"originAlertId":{"type":"string"},"firedDateTime":{"type":"string"},"description":{"type":"string"},"essentialsVersion":{"type":"string"},"alertContextVersion":{"type":"string"}}},"alertContext":{"type":"object","properties":{"properties":{},"conditionType":{"type":"string"},"condition":{"type":"object","properties":{"windowSize":{"type":"string"},"allOf":{"type":"array","items":{"type":"object","properties":{"metricName":{"type":"string"},"metricNamespace":{"type":"string"},"operator":{"type":"string"},"threshold":{"type":"string"},"timeAggregation":{"type":"string"},"dimensions":{"type":"array","items":{"type":"object","properties":{"name":{"type":"string"},"value":{"type":"string"}},"required":["name","value"]}},"metricValue":{"type":"integer"},"webTestName":{}},"required":["metricName","metricNamespace","operator","threshold","timeAggregation","dimensions","metricValue","webTestName"]}},"windowStartTime":{"type":"string"},"windowEndTime":{"type":"string"}}}}}}}}}}}},"actions":{"Initialize_variable_Resource":{"runAfter":{},"type":"InitializeVariable","inputs":{"variables":[{"name":"Resource","type":"string","value":"@{substring(first(first(triggerBody()?['data']?['alertContext']?['condition']?['allOf'])?['dimensions'])?['value'], add(lastIndexOf(first(first(triggerBody()?['data']?['alertContext']?['condition']?['allOf'])?['dimensions'])?['value'], '/'), 1))}"}]}},"List_records":{"runAfter":{"Initialize_variable_Flow_Definition":["Succeeded"]},"type":"OpenApiConnection","inputs":{"host":{"apiId":"/providers/Microsoft.PowerApps/apis/shared_commondataserviceforapps","connectionName":"shared_commondataserviceforapps","operationId":"ListRecords"},"parameters":{"entityName":"cr9d6_resourceowners","$filter":"cr9d6_resource eq '@{variables('Resource')}'"},"authentication":"@parameters('$authentication')"}},"Apply_to_each":{"foreach":"@outputs('List_records')?['body/value']","actions":{"Action_to_be_taken":{"runAfter":{},"type":"OpenApiConnectionWebhook","inputs":{"host":{"apiId":"/providers/Microsoft.PowerApps/apis/shared_teams","connectionName":"shared_teams","operationId":"SubscribeUserMessageWithOptions"},"parameters":{"UserMessageWithOptionsSubscriptionRequest/body/options":["Create incident","Notify team","Ignore"],"UserMessageWithOptionsSubscriptionRequest/body/recipient/to":"@{items('Apply_to_each')?['cr9d6_email']};","UserMessageWithOptionsSubscriptionRequest/body/messageBody":"We have received an alert for the resource @{items('Apply_to_each')?['cr9d6_resource']}, for which you are registered as the owner. Please choose what you would like to do with this alert.","UserMessageWithOptionsSubscriptionRequest/body/messageTitle":"Alert received"},"authentication":"@parameters('$authentication')"}},"Switch":{"runAfter":{"Action_to_be_taken":["Succeeded"]},"cases":{"Case":{"case":"Create incident","actions":{"Create_channel_for_incident":{"runAfter":{},"type":"OpenApiConnection","inputs":{"host":{"apiId":"/providers/Microsoft.PowerApps/apis/shared_teams","connectionName":"shared_teams","operationId":"CreateChannel"},"parameters":{"groupId":"2178f9d4-e649-48be-a9e9-7853c0652e2e","body/displayName":"Incident - @{formatDateTime(utcNow(), 'yyyy-MM-dd')} - @{outputs('Action_to_be_taken')?['body/comments']}","body/description":"We have received an alert on resource @{items('Apply_to_each')?['cr9d6_resource']}. Response time was @{outputs('Action_to_be_taken')?['body/responseTime']}, please use this channel to communicate around the incident."},"authentication":"@parameters('$authentication')"}},"Notify_team_of_incident":{"runAfter":{"Ask_for_acknowledgement":["Succeeded"]},"type":"OpenApiConnection","inputs":{"host":{"apiId":"/providers/Microsoft.PowerApps/apis/shared_teams","connectionName":"shared_teams","operationId":"PostChannelNotification"},"parameters":{"groupId":"2178f9d4-e649-48be-a9e9-7853c0652e2e","PostNotificationRequest/recipient/channelId":"19:7e2a52862fd64381ae6d729e3a9f09d0@thread.tacv2","PostNotificationRequest/messageBody":"An incident is in progress for the resource **@{items('Apply_to_each')?['cr9d6_resource']}**. The team is investigating in channel _@{outputs('Create_channel_for_incident')?['body/displayName']}_ and will let you know once more information is available.","PostNotificationRequest/messageTitle":"Incident created!"},"authentication":"@parameters('$authentication')"}},"Get_@mention_token_for_a_user":{"runAfter":{"Create_channel_for_incident":["Succeeded"]},"type":"OpenApiConnection","inputs":{"host":{"apiId":"/providers/Microsoft.PowerApps/apis/shared_teams","connectionName":"shared_teams","operationId":"AtMentionUser"},"parameters":{"userId":"@outputs('Action_to_be_taken')?['body/responder/userId']"},"authentication":"@parameters('$authentication')"}},"Ask_for_acknowledgement":{"runAfter":{"Get_@mention_token_for_a_user":["Succeeded"]},"type":"OpenApiConnectionWebhook","inputs":{"host":{"apiId":"/providers/Microsoft.PowerApps/apis/shared_teams","connectionName":"shared_teams","operationId":"SubscribeChannelFlowContinuation"},"parameters":{"groupId":"2178f9d4-e649-48be-a9e9-7853c0652e2e","ChannelFlowContinuationSubscriptionRequest/body/recipient/channelId":"@outputs('Create_channel_for_incident')?['body/id']","ChannelFlowContinuationSubscriptionRequest/body/messageBody":"{ \n    \"$schema\": \"http://adaptivecards.io/schemas/adaptive-card.json\",\n    \"type\": \"AdaptiveCard\",\n    \"version\": \"1.2\",\n    \"body\": [\n        {\n            \"type\": \"TextBlock\",\n            \"text\": \"@{outputs('Get_@mention_token_for_a_user')?['body/atMention']} please acknowledge start of investigation on the incident.\",\n            \"wrap\": true\n        },\n        {\n            \"type\": \"ActionSet\",\n            \"actions\": [\n                {\n                    \"type\": \"Action.Submit\",\n                    \"title\": \"Acknowledged\"\n                }\n            ]\n        }\n    ]\n}","ChannelFlowContinuationSubscriptionRequest/body/updateMessage":"Acknowledged!","ChannelFlowContinuationSubscriptionRequest/body/shouldUpdateCard":true},"authentication":"@parameters('$authentication')"}},"Create_Flow_Status_Update":{"runAfter":{"Compose_Flow_Status_Update":["Succeeded"]},"type":"OpenApiConnection","inputs":{"host":{"apiId":"/providers/Microsoft.PowerApps/apis/shared_flowmanagement","connectionName":"shared_flowmanagement","operationId":"CreateFlow"},"parameters":{"environmentName":"Default-f9c0f505-29be-470f-a3d0-3ebd6d384475","Flow/properties/displayName":"Status update - @{outputs('Create_channel_for_incident')?['body/displayName']}","Flow/properties/definition":"@outputs('Compose_Flow_Status_Update')","Flow/properties/state":"Started","Flow/properties/connectionReferences":[{"connectionName":"shared-teams-07f1bfea-8d3d-49d1-bc53-e885-80516494","id":"/providers/Microsoft.PowerApps/apis/shared_teams"}]},"authentication":"@parameters('$authentication')"}},"Compose_Flow_Status_Update":{"runAfter":{"Notify_team_of_incident":["Succeeded"]},"type":"Compose","inputs":{"$schema":"https://schema.management.azure.com/providers/Microsoft.Logic/schemas/2016-06-01/workflowdefinition.json#","contentVersion":"1.0.0.0","parameters":{"$authentication":{"defaultValue":{},"type":"SecureObject"},"$connections":{"defaultValue":{},"type":"Object"}},"triggers":{"When_a_new_channel_message_is_added":{"recurrence":{"frequency":"Minute","interval":1},"splitOn":"@{substring('@triggerOutputs()?[''body'']', 0)}","type":"OpenApiConnection","inputs":{"host":{"apiId":"/providers/Microsoft.PowerApps/apis/shared_teams","connectionName":"shared_teams","operationId":"OnNewChannelMessage","connectionReferenceName":"shared_teams"},"parameters":{"groupId":"2178f9d4-e649-48be-a9e9-7853c0652e2e","channelId":"@{outputs('Create_channel_for_incident')?['body/id']}"}},"conditions":[{"expression":"@{substring('@equals(triggerOutputs()?[''body''][''body''][''content''], ''!status'')', 0)}"}]}},"actions":{"Post_an_Adaptive_Card_to_a_Teams_channel_and_wait_for_a_response":{"runAfter":{},"type":"OpenApiConnectionWebhook","inputs":{"host":{"apiId":"/providers/Microsoft.PowerApps/apis/shared_teams","connectionName":"shared_teams","connectionReferenceName":"shared_teams","operationId":"SubscribeChannelFlowContinuation"},"parameters":{"groupId":"2178f9d4-e649-48be-a9e9-7853c0652e2e","ChannelFlowContinuationSubscriptionRequest/body/recipient/channelId":"@{outputs('Create_channel_for_incident')?['body/id']}","ChannelFlowContinuationSubscriptionRequest/body/messageBody":"{\n    \"$schema\": \"http://adaptivecards.io/schemas/adaptive-card.json\",\n    \"type\": \"AdaptiveCard\",\n    \"version\": \"1.2\",\n    \"body\": [\n        {\n            \"type\": \"TextBlock\",\n            \"text\": \"Please provide the details of the status update. \\n\\nThis will be shared with the complete team.\",\n            \"isSubtle\": true,\n            \"wrap\": true\n        },\n        {\n            \"type\": \"TextBlock\",\n            \"text\": \"Status\",\n            \"wrap\": true\n        },\n        {\n            \"choices\": [\n                {\n                    \"title\": \"Investigating\",\n                    \"value\": \"Investigating\"\n                },\n                {\n                    \"title\": \"Issue identified\",\n                    \"value\": \"Identified\"\n                },\n                {\n                    \"title\": \"Creating fix for issue\",\n                    \"value\": \"Fixing\"\n                },\n                {\n                    \"title\": \"Solved\",\n                    \"value\": \"Solved\"\n                }\n            ],\n            \"placeholder\": \"Placeholder text\",\n            \"type\": \"Input.ChoiceSet\",\n            \"value\": \"Investigating\",\n            \"id\": \"Status\"\n        },\n        {\n            \"text\": \"Message\",\n            \"type\": \"TextBlock\"\n        },\n        {\n            \"placeholder\": \"Provide a message for the update\",\n            \"type\": \"Input.Text\",\n            \"id\": \"Message\"\n        }\n    ],\n    \"actions\": [\n        {\n            \"type\": \"Action.Submit\",\n            \"title\": \"Submit\"\n        }\n    ]\n}","ChannelFlowContinuationSubscriptionRequest/body/updateMessage":"Submitted!","ChannelFlowContinuationSubscriptionRequest/body/shouldUpdateCard":true}}},"Post_your_own_adaptive_card_as_the_Flow_bot_to_a_channel":{"runAfter":{"Post_an_Adaptive_Card_to_a_Teams_channel_and_wait_for_a_response":["Succeeded"]},"type":"OpenApiConnection","inputs":{"host":{"apiId":"/providers/Microsoft.PowerApps/apis/shared_teams","connectionName":"shared_teams","operationId":"PostChannelAdaptiveCard"},"parameters":{"groupId":"2178f9d4-e649-48be-a9e9-7853c0652e2e","PostAdaptiveCardRequest/recipient/channelId":"19:7e2a52862fd64381ae6d729e3a9f09d0@thread.tacv2","PostAdaptiveCardRequest/messageBody":"{\n    \"$schema\": \"http://adaptivecards.io/schemas/adaptive-card.json\",\n    \"type\": \"AdaptiveCard\",\n    \"version\": \"1.2\",\n    \"body\": [\n        {\n            \"type\": \"TextBlock\",\n            \"text\": \"Status update from @{outputs('Create_channel_for_incident')?['body/displayName']}: @{substring('@{outputs(''Post_an_Adaptive_Card_to_a_Teams_channel_and_wait_for_a_response'')?[''body/data/status'']}', 0)}\",\n            \"wrap\": true,\n            \"weight\": \"Bolder\"\n        },\n        {\n            \"type\": \"TextBlock\",\n            \"text\": \"@{substring('@{outputs(''Post_an_Adaptive_Card_to_a_Teams_channel_and_wait_for_a_response'')?[''body/data/message'']}', 0)}\",\n            \"wrap\": true,\n            \"weight\": \"Lighter\",\n            \"isSubtle\": true\n        }\n    ]\n}"}}}}}},"Compose_Flow_Archive_Channel":{"runAfter":{"Create_Flow_Status_Update":["Succeeded"]},"type":"Compose","inputs":{"$schema":"https://schema.management.azure.com/providers/Microsoft.Logic/schemas/2016-06-01/workflowdefinition.json#","contentVersion":"1.0.0.0","parameters":{"$connections":{"defaultValue":{},"type":"Object"},"$authentication":{"defaultValue":{},"type":"SecureObject"}},"triggers":{"When_a_new_channel_message_is_added":{"recurrence":{"frequency":"Minute","interval":1},"splitOn":"@{substring('@triggerOutputs()?[''body'']', 0)}","type":"OpenApiConnection","inputs":{"host":{"apiId":"/providers/Microsoft.PowerApps/apis/shared_teams","connectionName":"shared_teams","operationId":"OnNewChannelMessage","connectionReferenceName":"shared_teams"},"parameters":{"groupId":"2178f9d4-e649-48be-a9e9-7853c0652e2e","channelId":"@{outputs('Create_channel_for_incident')?['body/id']}"}},"conditions":[{"expression":"@{substring('@equals(triggerOutputs()?[''body''][''body''][''content''], ''!archive'')', 0)}"}]}},"actions":{"Get_messages":{"runAfter":{},"type":"OpenApiConnection","inputs":{"host":{"apiId":"/providers/Microsoft.PowerApps/apis/shared_teams","connectionName":"shared_teams","operationId":"GetMessagesFromChannel","connectionReferenceName":"shared_teams"},"parameters":{"groupId":"2178f9d4-e649-48be-a9e9-7853c0652e2e","channelId":"@{outputs('Create_channel_for_incident')?['body/id']}"}}},"Filter_array":{"runAfter":{"Get_messages":["Succeeded"]},"type":"Query","inputs":{"from":"@{substring('@outputs(''Get_messages'')?[''body/value'']', 0)}","where":"@{substring('@equals(item()?[''body/contentType''], ''text'')', 0)}"}},"Apply_to_each":{"foreach":"@{substring('@body(''Filter_array'')', 0)}","actions":{"Update_page_content":{"runAfter":{},"type":"OpenApiConnection","inputs":{"host":{"apiId":"/providers/Microsoft.PowerApps/apis/shared_onenote","connectionName":"shared_onenote","operationId":"UpdatePageContent","connectionReferenceName":"shared_onenote"},"parameters":{"notebookKey":"TeamsNotebook(Shared)|$|https://eldertnet-my.sharepoint.com/personal/eldert_eldert_net/Documents/Notebooks/TeamsNotebook(Shared)","sectionId":"https://www.onenote.com/api/v1.0/myOrganization/siteCollections/9f503a1f-8f63-4cfe-b9a4-9d8cc4f65acd/sites/2e1c6641-66b6-40f5-ac38-e3141a49554a/notes/sections/1-fd243786-fe97-4268-bde2-c517dc660d23/pages","pageId":"@{substring('@outputs(''Create_page_in_a_section'')?[''body/id'']', 0)}","updates":[{"target":"body","action":"append","position":"after","content":"@{substring('@items(''Apply_to_each'')?[''body'']?[''content'']', 0)}"}]}}}},"runAfter":{"Update_page_title":["Succeeded"]},"type":"Foreach","runtimeConfiguration":{"concurrency":{"repetitions":1}}},"Create_page_in_a_section":{"runAfter":{"Filter_array":["Succeeded"]},"type":"OpenApiConnection","inputs":{"host":{"apiId":"/providers/Microsoft.PowerApps/apis/shared_onenote","connectionName":"shared_onenote","operationId":"CreatePageInSection","connectionReferenceName":"shared_onenote"},"parameters":{"notebookKey":"TeamsNotebook(Shared)|$|https://eldertnet-my.sharepoint.com/personal/eldert_eldert_net/Documents/Notebooks/TeamsNotebook(Shared)","sectionId":"https://www.onenote.com/api/v1.0/myOrganization/siteCollections/9f503a1f-8f63-4cfe-b9a4-9d8cc4f65acd/sites/2e1c6641-66b6-40f5-ac38-e3141a49554a/notes/sections/1-fd243786-fe97-4268-bde2-c517dc660d23/pages","pageContent":"<p><br></p>"}}},"Update_page_title":{"runAfter":{"Create_page_in_a_section":["Succeeded"]},"type":"OpenApiConnection","inputs":{"host":{"apiId":"/providers/Microsoft.PowerApps/apis/shared_onenote","connectionName":"shared_onenote","operationId":"UpdatePageContent","connectionReferenceName":"shared_onenote"},"parameters":{"notebookKey":"TeamsNotebook(Shared)|$|https://eldertnet-my.sharepoint.com/personal/eldert_eldert_net/Documents/Notebooks/TeamsNotebook(Shared)","sectionId":"https://www.onenote.com/api/v1.0/myOrganization/siteCollections/9f503a1f-8f63-4cfe-b9a4-9d8cc4f65acd/sites/2e1c6641-66b6-40f5-ac38-e3141a49554a/notes/sections/1-fd243786-fe97-4268-bde2-c517dc660d23/pages","pageId":"@{substring('@outputs(''Create_page_in_a_section'')?[''body/id'']', 0)}","updates":[{"target":"title","action":"replace","position":"after","content":"@{items('Apply_to_each')?['cr9d6_resource']} - @{outputs('Create_channel_for_incident')?['body/displayName']}"}]}}},"Delete_Channel":{"runAfter":{"Apply_to_each":["Succeeded"]},"type":"OpenApiConnection","inputs":{"host":{"apiId":"/providers/Microsoft.PowerApps/apis/shared_teams-20-2d-20advanced-5ff058a92e2f480e2f-5f2867df8ec80f508e","connectionName":"shared_teams-20-2d-20advanced-5ff058a92e2f480e2f-5f2867df8ec80f508e","operationId":"DeleteChannel","connectionReferenceName":"shared_teams-20-2d-20advanced-5ff058a92e2f480e2f-5f2867df8ec80f508e"},"parameters":{"teamsId":"2178f9d4-e649-48be-a9e9-7853c0652e2e","channelId":"@{outputs('Create_channel_for_incident')?['body/id']}"}}}}}},"Create_Flow_Archive_Channel":{"runAfter":{"Compose_Flow_Archive_Channel":["Succeeded"]},"type":"OpenApiConnection","inputs":{"host":{"apiId":"/providers/Microsoft.PowerApps/apis/shared_flowmanagement","connectionName":"shared_flowmanagement","operationId":"CreateFlow"},"parameters":{"environmentName":"Default-f9c0f505-29be-470f-a3d0-3ebd6d384475","Flow/properties/displayName":"Archive channel - @{outputs('Create_channel_for_incident')?['body/displayName']}","Flow/properties/definition":"@outputs('Compose_Flow_Archive_Channel')","Flow/properties/state":"Started","Flow/properties/connectionReferences":[{"connectionName":"shared-teams-07f1bfea-8d3d-49d1-bc53-e885-80516494","id":"/providers/Microsoft.PowerApps/apis/shared_teams"},{"connectionName":"shared-onenote-e1422940-8fea-4c3a-b1da-d642-bb01d2a6","id":"/providers/Microsoft.PowerApps/apis/shared_onenote"},{"connectionName":"83852498236748dfa85aae3398ec20a0","id":"/providers/Microsoft.PowerApps/apis/shared_teams-20-2d-20advanced-5ff058a92e2f480e2f-5f2867df8ec80f508e"}]},"authentication":"@parameters('$authentication')"}},"Update_Flow":{"runAfter":{"Compose_Update_Flow_Archive_Channel":["Succeeded"]},"type":"OpenApiConnection","inputs":{"host":{"apiId":"/providers/Microsoft.PowerApps/apis/shared_flowmanagement","connectionName":"shared_flowmanagement","operationId":"UpdateFlow"},"parameters":{"environmentName":"Default-f9c0f505-29be-470f-a3d0-3ebd6d384475","flowName":"@outputs('Create_Flow_Archive_Channel')?['body/name']","Flow/properties/displayName":"@outputs('Create_Flow_Archive_Channel')?['body/properties/displayName']","Flow/properties/definition":"@outputs('Compose_Update_Flow_Archive_Channel')","Flow/properties/state":"Started","Flow/properties/connectionReferences":[{"connectionName":"shared-teams-07f1bfea-8d3d-49d1-bc53-e885-80516494","id":"/providers/Microsoft.PowerApps/apis/shared_teams"},{"connectionName":"shared-onenote-e1422940-8fea-4c3a-b1da-d642-bb01d2a6","id":"/providers/Microsoft.PowerApps/apis/shared_onenote"},{"connectionName":"83852498236748dfa85aae3398ec20a0","id":"/providers/Microsoft.PowerApps/apis/shared_teams-20-2d-20advanced-5ff058a92e2f480e2f-5f2867df8ec80f508e"},{"connectionName":"shared-flowmanagemen-61c25ac2-6efd-44f6-b335-beee-e8ffaaec","id":"/providers/Microsoft.PowerApps/apis/shared_flowmanagement"}]},"authentication":"@parameters('$authentication')"}},"Compose_Update_Flow_Archive_Channel":{"runAfter":{"Create_Flow_Archive_Channel":["Succeeded"]},"type":"Compose","inputs":{"$schema":"https://schema.management.azure.com/providers/Microsoft.Logic/schemas/2016-06-01/workflowdefinition.json#","contentVersion":"1.0.0.0","parameters":{"$connections":{"defaultValue":{},"type":"Object"},"$authentication":{"defaultValue":{},"type":"SecureObject"}},"triggers":{"When_a_new_channel_message_is_added":{"recurrence":{"frequency":"Minute","interval":1},"splitOn":"@{substring('@triggerOutputs()?[''body'']', 0)}","type":"OpenApiConnection","inputs":{"host":{"apiId":"/providers/Microsoft.PowerApps/apis/shared_teams","connectionName":"shared_teams","operationId":"OnNewChannelMessage","connectionReferenceName":"shared_teams"},"parameters":{"groupId":"2178f9d4-e649-48be-a9e9-7853c0652e2e","channelId":"@{outputs('Create_channel_for_incident')?['body/id']}"}},"conditions":[{"expression":"@{substring('@equals(triggerOutputs()?[''body''][''body''][''content''], ''!archive'')', 0)}"}]}},"actions":{"Get_messages":{"runAfter":{},"type":"OpenApiConnection","inputs":{"host":{"apiId":"/providers/Microsoft.PowerApps/apis/shared_teams","connectionName":"shared_teams","operationId":"GetMessagesFromChannel","connectionReferenceName":"shared_teams"},"parameters":{"groupId":"2178f9d4-e649-48be-a9e9-7853c0652e2e","channelId":"@{outputs('Create_channel_for_incident')?['body/id']}"}}},"Filter_array":{"runAfter":{"Get_messages":["Succeeded"]},"type":"Query","inputs":{"from":"@{substring('@outputs(''Get_messages'')?[''body/value'']', 0)}","where":"@{substring('@equals(item()?[''body/contentType''], ''text'')', 0)}"}},"Apply_to_each":{"foreach":"@{substring('@body(''Filter_array'')', 0)}","actions":{"Update_page_content":{"runAfter":{},"type":"OpenApiConnection","inputs":{"host":{"apiId":"/providers/Microsoft.PowerApps/apis/shared_onenote","connectionName":"shared_onenote","operationId":"UpdatePageContent","connectionReferenceName":"shared_onenote"},"parameters":{"notebookKey":"TeamsNotebook(Shared)|$|https://eldertnet-my.sharepoint.com/personal/eldert_eldert_net/Documents/Notebooks/TeamsNotebook(Shared)","sectionId":"https://www.onenote.com/api/v1.0/myOrganization/siteCollections/9f503a1f-8f63-4cfe-b9a4-9d8cc4f65acd/sites/2e1c6641-66b6-40f5-ac38-e3141a49554a/notes/sections/1-fd243786-fe97-4268-bde2-c517dc660d23/pages","pageId":"@{substring('@outputs(''Create_page_in_a_section'')?[''body/id'']', 0)}","updates":[{"target":"body","action":"append","position":"after","content":"@{substring('@items(''Apply_to_each'')?[''body'']?[''content'']', 0)}"}]}}}},"runAfter":{"Update_page_title":["Succeeded"]},"type":"Foreach","runtimeConfiguration":{"concurrency":{"repetitions":1}}},"Create_page_in_a_section":{"runAfter":{"Filter_array":["Succeeded"]},"type":"OpenApiConnection","inputs":{"host":{"apiId":"/providers/Microsoft.PowerApps/apis/shared_onenote","connectionName":"shared_onenote","operationId":"CreatePageInSection","connectionReferenceName":"shared_onenote"},"parameters":{"notebookKey":"TeamsNotebook(Shared)|$|https://eldertnet-my.sharepoint.com/personal/eldert_eldert_net/Documents/Notebooks/TeamsNotebook(Shared)","sectionId":"https://www.onenote.com/api/v1.0/myOrganization/siteCollections/9f503a1f-8f63-4cfe-b9a4-9d8cc4f65acd/sites/2e1c6641-66b6-40f5-ac38-e3141a49554a/notes/sections/1-fd243786-fe97-4268-bde2-c517dc660d23/pages","pageContent":"<p><br></p>"}}},"Update_page_title":{"runAfter":{"Create_page_in_a_section":["Succeeded"]},"type":"OpenApiConnection","inputs":{"host":{"apiId":"/providers/Microsoft.PowerApps/apis/shared_onenote","connectionName":"shared_onenote","operationId":"UpdatePageContent","connectionReferenceName":"shared_onenote"},"parameters":{"notebookKey":"TeamsNotebook(Shared)|$|https://eldertnet-my.sharepoint.com/personal/eldert_eldert_net/Documents/Notebooks/TeamsNotebook(Shared)","sectionId":"https://www.onenote.com/api/v1.0/myOrganization/siteCollections/9f503a1f-8f63-4cfe-b9a4-9d8cc4f65acd/sites/2e1c6641-66b6-40f5-ac38-e3141a49554a/notes/sections/1-fd243786-fe97-4268-bde2-c517dc660d23/pages","pageId":"@{substring('@outputs(''Create_page_in_a_section'')?[''body/id'']', 0)}","updates":[{"target":"title","action":"replace","position":"after","content":"@{items('Apply_to_each')?['cr9d6_resource']} - @{outputs('Create_channel_for_incident')?['body/displayName']}"}]}}},"Delete_Channel":{"runAfter":{"Apply_to_each":["Succeeded"]},"type":"OpenApiConnection","inputs":{"host":{"apiId":"/providers/Microsoft.PowerApps/apis/shared_teams-20-2d-20advanced-5ff058a92e2f480e2f-5f2867df8ec80f508e","connectionName":"shared_teams-20-2d-20advanced-5ff058a92e2f480e2f-5f2867df8ec80f508e","operationId":"DeleteChannel","connectionReferenceName":"shared_teams-20-2d-20advanced-5ff058a92e2f480e2f-5f2867df8ec80f508e"},"parameters":{"teamsId":"2178f9d4-e649-48be-a9e9-7853c0652e2e","channelId":"@{outputs('Create_channel_for_incident')?['body/id']}"}}},"Delete_Flow_Status_Update":{"runAfter":{"Delete_Channel":["Succeeded"]},"type":"OpenApiConnection","inputs":{"host":{"apiId":"/providers/Microsoft.PowerApps/apis/shared_flowmanagement","connectionName":"shared_flowmanagement","operationId":"DeleteFlow"},"parameters":{"environmentName":"Default-f9c0f505-29be-470f-a3d0-3ebd6d384475","flowName":"@{outputs('Create_Flow_Status_Update')?['body/name']}"}}},"Delete_Flow_Archive_Channel":{"runAfter":{"Delete_Flow_Status_Update":["Succeeded"]},"type":"OpenApiConnection","inputs":{"host":{"apiId":"/providers/Microsoft.PowerApps/apis/shared_flowmanagement","connectionName":"shared_flowmanagement","operationId":"DeleteFlow"},"parameters":{"environmentName":"Default-f9c0f505-29be-470f-a3d0-3ebd6d384475","flowName":"@{outputs('Create_Flow_Archive_Channel')?['body/name']}"}}}}}}}},"Case_2":{"case":"Notify team","actions":{"Notify_team_of_alert":{"runAfter":{},"type":"OpenApiConnection","inputs":{"host":{"apiId":"/providers/Microsoft.PowerApps/apis/shared_teams","connectionName":"shared_teams","operationId":"PostChannelNotification"},"parameters":{"groupId":"2178f9d4-e649-48be-a9e9-7853c0652e2e","PostNotificationRequest/recipient/channelId":"19:7e2a52862fd64381ae6d729e3a9f09d0@thread.tacv2","PostNotificationRequest/messageBody":"We have received an alert for the resource @{items('Apply_to_each')?['cr9d6_resource']}. We are aware of the situation, and will continue to monitor this. For now no additional steps are required.","PostNotificationRequest/messageTitle":"Resource under investigation"},"authentication":"@parameters('$authentication')"}}}}},"default":{"actions":{}},"expression":"@outputs('Action_to_be_taken')?['body/selectedOption']","type":"Switch"}},"runAfter":{"List_records":["Succeeded"]},"type":"Foreach"},"Initialize_variable_Flow_Definition":{"runAfter":{"Initialize_variable_Resource":["Succeeded"]},"type":"InitializeVariable","inputs":{"variables":[{"name":"Flow Definition","type":"string"}]}}}},"connectionReferences":{"shared_commondataserviceforapps":{"connectionName":"shared-commondataser-3d9de9c6-5bfd-4c33-ae28-d4a2-f0d2dee9","source":"Embedded","id":"/providers/Microsoft.PowerApps/apis/shared_commondataserviceforapps","tier":"NotSpecified"},"shared_teams":{"connectionName":"shared-teams-07f1bfea-8d3d-49d1-bc53-e885-80516494","source":"Embedded","id":"/providers/Microsoft.PowerApps/apis/shared_teams","tier":"NotSpecified"},"shared_flowmanagement":{"connectionName":"shared-flowmanagemen-61c25ac2-6efd-44f6-b335-beee-e8ffaaec","source":"Embedded","id":"/providers/Microsoft.PowerApps/apis/shared_flowmanagement","tier":"NotSpecified"}},"flowFailureAlertSubscribed":false}}