{"name":"cd0f55a7-3b77-49fd-8ba7-9ac9e0827b48","id":"/providers/Microsoft.Flow/flows/cd0f55a7-3b77-49fd-8ba7-9ac9e0827b48","type":"Microsoft.Flow/flows","properties":{"apiId":"/providers/Microsoft.PowerApps/apis/shared_logicflows","displayName":"Implementing ChatOps using Microsoft Power Platform - Demo 1 - Create Azure DevOps work item","definition":{"$schema":"https://schema.management.azure.com/providers/Microsoft.Logic/schemas/2016-06-01/workflowdefinition.json#","contentVersion":"1.0.0.0","parameters":{"$connections":{"defaultValue":{},"type":"Object"},"$authentication":{"defaultValue":{},"type":"SecureObject"}},"triggers":{"manual":{"type":"Request","kind":"VirtualAgent","inputs":{"schema":{"type":"object","properties":{"text":{"title":"Type","type":"string","x-ms-dynamically-added":true,"description":"Please enter your input","x-ms-content-hint":"TEXT"},"text_1":{"title":"Description","type":"string","x-ms-dynamically-added":true,"description":"Please enter your input","x-ms-content-hint":"TEXT"},"text_2":{"title":"Title","type":"string","x-ms-dynamically-added":true,"description":"Please enter your input","x-ms-content-hint":"TEXT"}},"required":["text","text_1","text_2"]}}}},"actions":{"Return_value(s)_to_Power_Virtual_Agents":{"runAfter":{"Condition":["Succeeded"]},"type":"Response","kind":"VirtualAgent","inputs":{"statusCode":200,"body":{"url":"@outputs('Create_a_work_item')?['body/url']","id":"@{outputs('Create_a_work_item')?['body/id']}"},"schema":{"type":"object","properties":{"url":{"title":"URL","x-ms-dynamically-added":true,"type":"string"},"id":{"title":"ID","x-ms-dynamically-added":true,"type":"string"}}}}},"Create_a_work_item":{"runAfter":{},"type":"OpenApiConnection","inputs":{"host":{"apiId":"/providers/Microsoft.PowerApps/apis/shared_visualstudioteamservices","connectionName":"shared_visualstudioteamservices","operationId":"CreateWorkItem"},"parameters":{"account":"eldert","project":"Implementing ChatOps using Microsoft Power Platform","type":"@triggerBody()['text']","workItem/title":"@triggerBody()['text_2']","workItem/description":"@triggerBody()['text_1']"},"authentication":"@parameters('$authentication')"}},"Condition":{"actions":{},"runAfter":{"Create_a_work_item":["Succeeded"]},"else":{"actions":{"Get_a_reference":{"runAfter":{},"type":"OpenApiConnection","inputs":{"host":{"apiId":"/providers/Microsoft.PowerApps/apis/shared_github","connectionName":"shared_github","operationId":"GetReference"},"parameters":{"repositoryOwner":"EldertGrootenboer","repositoryName":"Implementing-ChatOps-using-Microsoft-Power-Platform","reference":"heads/main"},"authentication":"@parameters('$authentication')"}},"Create_a_reference":{"runAfter":{"Get_a_reference":["Succeeded"]},"type":"OpenApiConnection","inputs":{"host":{"apiId":"/providers/Microsoft.PowerApps/apis/shared_github","connectionName":"shared_github","operationId":"CreateReference"},"parameters":{"repositoryOwner":"EldertGrootenboer","repositoryName":"Implementing-ChatOps-using-Microsoft-Power-Platform","body/ref":"refs/heads/@{replace(triggerBody()['text_2'], ' ', '_')}","body/sha":"@outputs('Get_a_reference')?['body/object/sha']"},"authentication":"@parameters('$authentication')"}},"Update_a_work_item":{"runAfter":{"Create_a_reference":["Succeeded"]},"type":"OpenApiConnection","inputs":{"host":{"apiId":"/providers/Microsoft.PowerApps/apis/shared_visualstudioteamservices","connectionName":"shared_visualstudioteamservices","operationId":"UpdateWorkItem"},"parameters":{"account":"eldert","id":"@outputs('Create_a_work_item')?['body/id']","project":"Implementing ChatOps using Microsoft Power Platform","workItem/title":"@triggerBody()['text_2']","workItem/description":"@{triggerBody()['text_1']}\n<br><br>\n<a href=\"@{replace(replace(replace(outputs('Create_a_reference')?['body/url'], 'api.', ''), 'git/refs/heads', 'tree'), '/repos/', '/')}\">Branch</a>","type":"@triggerBody()['text']"},"authentication":"@parameters('$authentication')"}}}},"expression":{"equals":["@triggerBody()['text']","Impediment"]},"type":"If"}},"outputs":{},"description":"Call this flow from Power Virtual Agents."},"connectionReferences":{"shared_visualstudioteamservices":{"source":"Embedded","id":"/providers/Microsoft.PowerApps/apis/shared_visualstudioteamservices","tier":"NotSpecified"},"shared_github":{"source":"Embedded","id":"/providers/Microsoft.PowerApps/apis/shared_github","tier":"NotSpecified"}},"flowFailureAlertSubscribed":false}}