{"name":"a05e751d-00d0-4437-808f-e6bd7c2ef91a","id":"/providers/Microsoft.Flow/flows/a05e751d-00d0-4437-808f-e6bd7c2ef91a","type":"Microsoft.Flow/flows","properties":{"apiId":"/providers/Microsoft.PowerApps/apis/shared_logicflows","displayName":"Take back your time; Let AI do the work for you! - Demo 3","definition":{"metadata":{"workflowEntityId":null,"flowclientsuspensionreason":"None","flowclientsuspensiontime":null,"creator":{"id":"fbe95aa6-f670-4838-bac7-c94df5e74cff","type":"User","tenantId":"f9c0f505-29be-470f-a3d0-3ebd6d384475"},"provisioningMethod":"FromDefinition","failureAlertSubscription":true,"clientLastModifiedTime":"2020-09-30T13:56:26.2773962Z"},"$schema":"https://schema.management.azure.com/providers/Microsoft.Logic/schemas/2016-06-01/workflowdefinition.json#","contentVersion":"1.0.0.0","parameters":{"$connections":{"defaultValue":{},"type":"Object"},"$authentication":{"defaultValue":{},"type":"SecureObject"}},"triggers":{"manual":{"type":"Request","kind":"Button","inputs":{"schema":{"type":"object","properties":{},"required":[]}}}},"actions":{"Get_items_for_current_week":{"runAfter":{"Get_calendar_entries":["Succeeded"]},"type":"Query","inputs":{"from":"@outputs('Get_calendar_entries')?['body/value']","where":"@and(greater(item()?['start'], variables('Monday')), less(item()?['start'], addDays(variables('Monday'), 5)))"}},"Apply_to_each":{"foreach":"@body('Get_items_for_current_week')","actions":{"Append_to_string_variable":{"runAfter":{},"type":"AppendToStringVariable","inputs":{"name":"Entries","value":"@{formatDateTime(items('Apply_to_each')?['start'], 'dd-MM-yyyy')};@{dayOfWeek(items('Apply_to_each')?['start'])};@{first(items('Apply_to_each')?['categories'])};@{items('Apply_to_each')?['subject']};@{div(div(mul(sub(ticks(items('Apply_to_each')?['end']), ticks(items('Apply_to_each')?['start'])),100),1000000000),3600)}|"}}},"runAfter":{"Get_items_for_current_week":["Succeeded"]},"type":"Foreach"},"Get_calendar_entries":{"runAfter":{"Initialize_variable_Entries":["Succeeded"]},"type":"OpenApiConnection","inputs":{"host":{"apiId":"/providers/Microsoft.PowerApps/apis/shared_office365","connectionName":"shared_office365","operationId":"V4CalendarGetItems"},"parameters":{"table":"AAMkAGFhMDJkZTg0LWZlN2EtNGNmOS04MGM0LTVmNzNhODA4NmEyMABGAAAAAABYi9pErpnfT56oFOUwjTyJBwCMwFrW9ekfQIrmmPPt85q9AAAAAAEGAACMwFrW9ekfQIrmmPPt85q9AAHzv3vQAAA="},"authentication":{"value":"@json(decodeBase64(triggerOutputs().headers['X-MS-APIM-Tokens']))['$ConnectionKey']","type":"Raw"}}},"Initialize_variable_Monday":{"runAfter":{},"type":"InitializeVariable","inputs":{"variables":[{"name":"Monday","type":"string","value":"@{formatDateTime(subtractFromTime(utcNow(), dayOfWeek(addDays(utcNow(), -1)), 'Day'), 'yyyy-MM-dd')}"}]}},"Initialize_variable_Entries":{"runAfter":{"Initialize_variable_Monday":["Succeeded"]},"type":"InitializeVariable","inputs":{"variables":[{"name":"Entries","type":"string"}]}},"Run_a_flow_built_by_Power_Automate_Desktop_(preview)":{"runAfter":{"Apply_to_each":["Succeeded"]},"type":"OpenApiConnection","inputs":{"host":{"apiId":"/providers/Microsoft.PowerApps/apis/shared_uiflow","connectionName":"shared_uiflow_1","operationId":"RunUIFlow_V2"},"parameters":{"uiFlowId":"bbc1982d-77ad-4298-b7d1-f963051fba7f","runMode":"attended","item/Name":"Eldert Grootenboer","item/EntriesList":"@variables('Entries')","item/DemoAssetsPath":"C:\\Users\\Eldert\\OneDrive\\Sessions\\Take-back-your-time-Let-AI-do-the-work-for-you\\assets\\demos\\demo-3"},"authentication":{"value":"@json(decodeBase64(triggerOutputs().headers['X-MS-APIM-Tokens']))['$ConnectionKey']","type":"Raw"}}}}},"connectionReferences":{"shared_office365":{"connectionName":"shared-office365-0236c108-c398-4afb-8186-fcb3-0bc6324e","source":"Invoker","id":"/providers/Microsoft.PowerApps/apis/shared_office365","tier":"NotSpecified"},"shared_uiflow_1":{"connectionName":"shared-uiflow-6b8988e2-23e5-44a4-ac8d-8590-c74505d0","source":"Invoker","id":"/providers/Microsoft.PowerApps/apis/shared_uiflow","tier":"NotSpecified"}},"flowFailureAlertSubscribed":false}}