{"name":"463959a0-25aa-4936-81ec-e2bd0e1024b9","id":"/providers/Microsoft.Flow/flows/463959a0-25aa-4936-81ec-e2bd0e1024b9","type":"Microsoft.Flow/flows","properties":{"apiId":"/providers/Microsoft.PowerApps/apis/shared_logicflows","displayName":"Create Azure resource - Implementing ChatOps using Microsoft Power Platform - Demo 2","definition":{"metadata":{"workflowEntityId":null,"flowclientsuspensionreason":"None","flowclientsuspensiontime":null,"creator":{"id":"fbe95aa6-f670-4838-bac7-c94df5e74cff","type":"User","tenantId":"f9c0f505-29be-470f-a3d0-3ebd6d384475"},"provisioningMethod":"FromDefinition","failureAlertSubscription":true,"clientLastModifiedTime":"2020-10-18T12:47:30.0570511Z"},"$schema":"https://schema.management.azure.com/providers/Microsoft.Logic/schemas/2016-06-01/workflowdefinition.json#","contentVersion":"1.0.0.0","parameters":{"$connections":{"defaultValue":{},"type":"Object"},"$authentication":{"defaultValue":{},"type":"SecureObject"}},"triggers":{"manual":{"splitOn":"@triggerBody()['rows']","metadata":{"flowSystemMetadata":{"swaggerOperationId":"ForASelectedMessage","inputsAdaptiveCard":"{\"type\":\"AdaptiveCard\",\"body\":[{\"type\":\"TextBlock\",\"size\":\"Large\",\"weight\":\"Bolder\",\"text\":\"Create resource\"},{\"type\":\"TextBlock\",\"text\":\"Azure\",\"wrap\":true,\"isSubtle\":true,\"spacing\":\"None\"},{\"type\":\"TextBlock\",\"text\":\"Please choose the type of resource you would like to deploy.\",\"wrap\":true},{\"type\":\"Input.ChoiceSet\",\"choices\":[{\"title\":\"Database\",\"value\":\"Database\"},{\"title\":\"Storage account\",\"value\":\"StorageAccount\"},{\"title\":\"Virtual machine\",\"value\":\"VirtualMachine\"}],\"value\":\"Database\",\"id\":\"type\"}],\"$schema\":\"http://adaptivecards.io/schemas/adaptive-card.json\",\"version\":\"1.2\",\"-ms-tokens\":{}}"}},"type":"Request","kind":"ApiConnection","inputs":{"schema":{"type":"object","properties":{"rows":{"type":"array","items":{"type":"object","properties":{"entity":{"type":"object","properties":{"teamsFlowRunContext":{"type":"object","properties":{"messagePayload":{"type":"object","properties":{"id":{"title":"Message ID","type":"string"},"from":{"type":"object","properties":{"user":{"type":"object","properties":{"id":{"title":"Sender User ID","type":"string"},"displayName":{"title":"Sender User Display Name","type":"string"}},"required":[]}},"required":[]}},"required":[]},"channelData":{"type":"object","properties":{"team":{"type":"object","properties":{"aadGroupId":{"title":"Team ID","type":"string"}},"required":[]},"channel":{"type":"object","properties":{"id":{"title":"Channel ID","type":"string"}},"required":[]}},"required":[]},"from":{"type":"object","properties":{"name":{"title":"Originating User Display Name","type":"string"}},"required":[]}}}},"required":["teamsFlowRunContext"]}},"required":["entity"]}}},"required":["rows"]},"host":{"connection":{"name":"@parameters('$connections')['shared_teams']['connectionId']"},"api":{"runtimeUrl":"https://flow-apim-europe-001-francecentral-01.azure-apim.net/apim/teams"}},"operationId":"ForASelectedMessage","parameters":{"inputsAdaptiveCard":"{\"type\":\"AdaptiveCard\",\"body\":[{\"type\":\"TextBlock\",\"size\":\"Large\",\"weight\":\"Bolder\",\"text\":\"Create resource\"},{\"type\":\"TextBlock\",\"text\":\"Azure\",\"wrap\":true,\"isSubtle\":true,\"spacing\":\"None\"},{\"type\":\"TextBlock\",\"text\":\"Please choose the type of resource you would like to deploy.\",\"wrap\":true},{\"type\":\"Input.ChoiceSet\",\"choices\":[{\"title\":\"Database\",\"value\":\"Database\"},{\"title\":\"Storage account\",\"value\":\"StorageAccount\"},{\"title\":\"Virtual machine\",\"value\":\"VirtualMachine\"}],\"value\":\"Database\",\"id\":\"type\"}],\"$schema\":\"http://adaptivecards.io/schemas/adaptive-card.json\",\"version\":\"1.2\",\"-ms-tokens\":{}}"}}}},"actions":{"Resource_Type":{"runAfter":{"Initialize_variable_Approval_Description":["Succeeded"]},"cases":{"Database":{"case":"Database","actions":{}},"Storage_Account":{"case":"StorageAccount","actions":{"Set_variable_Card_Definition_to_Storage_Account":{"runAfter":{},"type":"SetVariable","inputs":{"name":"Card Definition","value":"{\n    \"type\": \"AdaptiveCard\",\n    \"body\": [\n        {\n            \"type\": \"TextBlock\",\n            \"size\": \"Large\",\n            \"weight\": \"Bolder\",\n            \"text\": \"Input required\"\n        },\n        {\n            \"type\": \"TextBlock\",\n            \"text\": \"Create Azure Storage account\",\n            \"wrap\": true,\n            \"isSubtle\": true,\n            \"spacing\": \"None\"\n        },\n        {\n            \"type\": \"ColumnSet\",\n            \"columns\": [\n                {\n                    \"type\": \"Column\",\n                    \"items\": [\n                        {\n                            \"type\": \"TextBlock\",\n                            \"text\": \"Storage account:\",\n                            \"height\": \"stretch\",\n                            \"separator\": true,\n                            \"wrap\": true\n                        },\n                        {\n                            \"type\": \"TextBlock\",\n                            \"text\": \"Container:\",\n                            \"height\": \"stretch\"\n                        }\n                    ],\n                    \"width\": \"auto\"\n                },\n                {\n                    \"type\": \"Column\",\n                    \"items\": [\n                        {\n                            \"type\": \"Input.Text\",\n                            \"id\": \"name\",\n                            \"placeholder\": \"Name of the storage account, only lowercase letters and numbers allowed.\",\n                            \"maxLength\": 9\n                        },\n                        {\n                            \"type\": \"Input.Text\",\n                            \"id\": \"container\",\n                            \"placeholder\": \"Name of the container, only letters, numbers and dash character allowed.\",\n                            \"maxLength\": 63\n                        }\n                    ],\n                    \"width\": \"stretch\"\n                }\n            ]\n        },\n        {\n            \"type\": \"ActionSet\",\n            \"actions\": [\n                {\n                    \"type\": \"Action.Submit\",\n                    \"title\": \"Submit\"\n                }\n            ]\n        }\n    ],\n    \"$schema\": \"http://adaptivecards.io/schemas/adaptive-card.json\",\n    \"version\": \"1.2\"\n}"}},"Set_variable_Arm_Template_to_Storage_Account":{"runAfter":{"Set_variable_Card_Definition_to_Storage_Account":["Succeeded"]},"type":"SetVariable","inputs":{"name":"ARM Template","value":"storage-account"}}}},"Virtual_Machine":{"case":"VirtualMachine","actions":{}}},"default":{"actions":{"Terminate":{"runAfter":{"Post_invalid_input_message":["Succeeded"]},"type":"Terminate","inputs":{"runStatus":"Succeeded"}},"Post_invalid_input_message":{"runAfter":{},"type":"OpenApiConnection","inputs":{"host":{"apiId":"/providers/Microsoft.PowerApps/apis/shared_teams","connectionName":"shared_teams","operationId":"PostChannelNotification"},"parameters":{"groupId":"@triggerBody()?['entity']?['teamsFlowRunContext']?['channelData']?['team']?['aadGroupId']","PostNotificationRequest/recipient/channelId":"@triggerBody()?['entity']?['teamsFlowRunContext']?['channelData']?['channel']?['id']","PostNotificationRequest/messageBody":"Sorry, we received an invalid response, please try again."},"authentication":{"value":"@json(decodeBase64(triggerOutputs().headers['X-MS-APIM-Tokens']))['$ConnectionKey']","type":"Raw"}}}}},"expression":"@triggerBody()?['entity']?['cardOutputs']?['type']","type":"Switch"},"Initialize_variable_Card_Definition":{"runAfter":{},"type":"InitializeVariable","inputs":{"variables":[{"name":"Card Definition","type":"string","value":"{}"}]}},"Initialize_variable_ARM_Template":{"runAfter":{"Initialize_variable_Card_Definition":["Succeeded"]},"type":"InitializeVariable","inputs":{"variables":[{"name":"ARM Template","type":"string"}]}},"Get_input":{"runAfter":{"Resource_Type":["Succeeded"]},"type":"OpenApiConnectionWebhook","inputs":{"host":{"apiId":"/providers/Microsoft.PowerApps/apis/shared_teams","connectionName":"shared_teams","operationId":"SubscribeChannelFlowContinuation"},"parameters":{"groupId":"@triggerBody()?['entity']?['teamsFlowRunContext']?['channelData']?['team']?['aadGroupId']","ChannelFlowContinuationSubscriptionRequest/body/recipient/channelId":"@triggerBody()?['entity']?['teamsFlowRunContext']?['channelData']?['channel']?['id']","ChannelFlowContinuationSubscriptionRequest/body/messageBody":"@variables('Card Definition')","ChannelFlowContinuationSubscriptionRequest/body/updateMessage":"Thank you for your input.","ChannelFlowContinuationSubscriptionRequest/body/shouldUpdateCard":true},"authentication":{"value":"@json(decodeBase64(triggerOutputs().headers['X-MS-APIM-Tokens']))['$ConnectionKey']","type":"Raw"}}},"Initialize_variable_Approval_Description":{"runAfter":{"Initialize_variable_ARM_Template":["Succeeded"]},"type":"InitializeVariable","inputs":{"variables":[{"name":"Approval Description","type":"string"}]}},"Send_email_with_options":{"runAfter":{"Switch":["Succeeded"]},"type":"OpenApiConnectionWebhook","inputs":{"host":{"apiId":"/providers/Microsoft.PowerApps/apis/shared_office365","connectionName":"shared_office365","operationId":"SendMailWithOptions"},"parameters":{"optionsEmailSubscription/Message/To":"eldert@eldert.net","optionsEmailSubscription/Message/Subject":"Azure resource requested","optionsEmailSubscription/Message/Options":"Yes, No","optionsEmailSubscription/Message/Body":"We received a request from @{triggerBody()?['entity']?['teamsFlowRunContext']?['from']?['name']} indicating they want to create an Azure resource as described below.<br>\n<br>\n@{variables('Approval Description')}<br>\n<br>\nDo you want to approve this request?","optionsEmailSubscription/Message/Importance":"Normal","optionsEmailSubscription/Message/HideHTMLMessage":false,"optionsEmailSubscription/Message/ShowHTMLConfirmationDialog":false},"authentication":{"value":"@json(decodeBase64(triggerOutputs().headers['X-MS-APIM-Tokens']))['$ConnectionKey']","type":"Raw"}}},"Condition":{"actions":{"Create_or_update_a_resource_group":{"runAfter":{},"type":"OpenApiConnection","inputs":{"host":{"apiId":"/providers/Microsoft.PowerApps/apis/shared_arm","connectionName":"shared_arm","operationId":"ResourceGroups_CreateOrUpdate"},"parameters":{"subscriptionId":"5d8fc530-7cff-4176-aa4d-232dfbcd5282","resourceGroupName":"rg-implementing-chatops-using-microsoft-power-platform","parameters/location":"westeurope","parameters/tags":{"LastModifiedDate":"@{utcNow()}","Project":"Implementing ChatOps using Microsoft Power Platform"}},"authentication":{"value":"@json(decodeBase64(triggerOutputs().headers['X-MS-APIM-Tokens']))['$ConnectionKey']","type":"Raw"}}},"Post_deployment_message":{"runAfter":{"Create_or_update_a_resource_group":["Succeeded"]},"type":"OpenApiConnection","inputs":{"host":{"apiId":"/providers/Microsoft.PowerApps/apis/shared_teams","connectionName":"shared_teams","operationId":"PostChannelNotification"},"parameters":{"groupId":"@triggerBody()?['entity']?['teamsFlowRunContext']?['channelData']?['team']?['aadGroupId']","PostNotificationRequest/recipient/channelId":"@triggerBody()?['entity']?['teamsFlowRunContext']?['channelData']?['channel']?['id']","PostNotificationRequest/messageBody":"I will now provision your resource, and let you know once done.","PostNotificationRequest/messageTitle":"Provisioning"},"authentication":{"value":"@json(decodeBase64(triggerOutputs().headers['X-MS-APIM-Tokens']))['$ConnectionKey']","type":"Raw"}}},"Create_or_update_a_template_deployment":{"runAfter":{"Post_deployment_message":["Succeeded"]},"type":"OpenApiConnection","inputs":{"host":{"apiId":"/providers/Microsoft.PowerApps/apis/shared_arm","connectionName":"shared_arm","operationId":"Deployments_CreateOrUpdate"},"parameters":{"subscriptionId":"5d8fc530-7cff-4176-aa4d-232dfbcd5282","resourceGroupName":"rg-implementing-chatops-using-microsoft-power-platform","deploymentName":"chatops@{formatDateTime(utcNow(), 'yyyyMMddHHmmss')}","parameters/properties/templateLink/uri":"https://raw.githubusercontent.com/EldertGrootenboer/Implementing-ChatOps-using-Microsoft-Power-Platform/main/assets/code/iac/@{variables('ARM Template')}.json","parameters/properties/parameters":{"containerName":{"value":"@{body('Parse_input')?['data']?['container']}"},"storageAccountName":{"value":"@{body('Parse_input')?['data']?['name']}"},"tags":{"value":"@outputs('Create_or_update_a_resource_group')?['body/tags']"}},"parameters/properties/mode":"Incremental","wait":true},"authentication":{"value":"@json(decodeBase64(triggerOutputs().headers['X-MS-APIM-Tokens']))['$ConnectionKey']","type":"Raw"}}},"Post_finished_message":{"runAfter":{"Create_or_update_a_template_deployment":["Succeeded","Failed"]},"type":"OpenApiConnection","inputs":{"host":{"apiId":"/providers/Microsoft.PowerApps/apis/shared_teams","connectionName":"shared_teams","operationId":"PostChannelNotification"},"parameters":{"groupId":"@triggerBody()?['entity']?['teamsFlowRunContext']?['channelData']?['team']?['aadGroupId']","PostNotificationRequest/recipient/channelId":"@triggerBody()?['entity']?['teamsFlowRunContext']?['channelData']?['channel']?['id']","PostNotificationRequest/messageBody":"Deployment has finished, your resources are now available. You can find them at https://portal.azure.com/#@eldert.net/resource/subscriptions/5d8fc530-7cff-4176-aa4d-232dfbcd5282/resourceGroups/rg-implementing-chatops-using-microsoft-power-platform/overview","PostNotificationRequest/messageTitle":"Finished"},"authentication":{"value":"@json(decodeBase64(triggerOutputs().headers['X-MS-APIM-Tokens']))['$ConnectionKey']","type":"Raw"}}}},"runAfter":{"Send_email_with_options":["Succeeded"]},"else":{"actions":{"Post_rejected_message":{"runAfter":{},"type":"OpenApiConnection","inputs":{"host":{"apiId":"/providers/Microsoft.PowerApps/apis/shared_teams","connectionName":"shared_teams","operationId":"PostChannelNotification"},"parameters":{"groupId":"@triggerBody()?['entity']?['teamsFlowRunContext']?['channelData']?['team']?['aadGroupId']","PostNotificationRequest/recipient/channelId":"@triggerBody()?['entity']?['teamsFlowRunContext']?['channelData']?['channel']?['id']","PostNotificationRequest/messageBody":"The deployment was rejected by the administrator.","PostNotificationRequest/messageTitle":"Rejected"},"authentication":{"value":"@json(decodeBase64(triggerOutputs().headers['X-MS-APIM-Tokens']))['$ConnectionKey']","type":"Raw"}}}}},"expression":{"equals":["@outputs('Send_email_with_options')?['body/SelectedOption']","Yes"]},"type":"If"},"Switch":{"runAfter":{"Get_input":["Succeeded"]},"cases":{"Database":{"case":"Database","actions":{}},"Storage_Account":{"case":"StorageAccount","actions":{"Parse_input":{"runAfter":{},"type":"ParseJson","inputs":{"content":"@body('Get_input')","schema":{"type":"object","properties":{"data":{"type":"object","properties":{"name":{"type":"string"},"container":{"type":"string"}}}}}}},"Set_variable_Approval_Description":{"runAfter":{"Parse_input":["Succeeded"]},"type":"SetVariable","inputs":{"name":"Approval Description","value":"Type: Storage Account<br>\nName: @{body('Parse_input')?['data']?['name']}<br>\nContainer: @{body('Parse_input')?['data']?['container']}"}}}},"Virtual_Machine":{"case":"VirtualMachine","actions":{}}},"default":{"actions":{}},"expression":"@triggerBody()?['entity']?['cardOutputs']?['type']","type":"Switch"}},"outputs":{}},"connectionReferences":{"shared_teams":{"connectionName":"shared-teams-07f1bfea-8d3d-49d1-bc53-e885-80516494","source":"Invoker","id":"/providers/Microsoft.PowerApps/apis/shared_teams","tier":"NotSpecified"},"shared_arm":{"connectionName":"shared-arm-4eb8aa1a-ff89-43f1-88a9-c54f-180a40b2","source":"Invoker","id":"/providers/Microsoft.PowerApps/apis/shared_arm","tier":"NotSpecified"},"shared_office365":{"connectionName":"shared-office365-0236c108-c398-4afb-8186-fcb3-0bc6324e","source":"Invoker","id":"/providers/Microsoft.PowerApps/apis/shared_office365","tier":"NotSpecified"}},"flowFailureAlertSubscribed":false}}