{"name":"14826ceb-9051-4cfc-b744-d0a7d3c3a8b2","id":"/providers/Microsoft.Flow/flows/14826ceb-9051-4cfc-b744-d0a7d3c3a8b2","type":"Microsoft.Flow/flows","properties":{"apiId":"/providers/Microsoft.PowerApps/apis/shared_logicflows","displayName":"Implementing ChatOps using Microsoft Power Platform - Demo 1 - Retrieve my Azure DevOps tasks","definition":{"$schema":"https://schema.management.azure.com/providers/Microsoft.Logic/schemas/2016-06-01/workflowdefinition.json#","contentVersion":"1.0.0.0","parameters":{"$connections":{"defaultValue":{},"type":"Object"},"$authentication":{"defaultValue":{},"type":"SecureObject"}},"triggers":{"manual":{"type":"Request","kind":"VirtualAgent","inputs":{"schema":{"type":"object","properties":{"number":{"title":"Amount","type":"number","x-ms-dynamically-added":true,"description":"How many tasks would you like to retrieve?","x-ms-content-hint":"NUMBER"}},"required":["number"]}}}},"actions":{"Return_value(s)_to_Power_Virtual_Agents":{"runAfter":{"Create_HTML_table":["Succeeded"]},"type":"Response","kind":"VirtualAgent","inputs":{"statusCode":200,"body":{"results":"@body('Create_HTML_table')"},"schema":{"type":"object","properties":{"results":{"title":"Results","x-ms-dynamically-added":true,"type":"string"}}}}},"Get_query_results":{"runAfter":{"Initialize_variable_Results":["Succeeded"]},"metadata":{"d650e6fe-f2c7-474b-a6c8-8c4911195a8f":"My Queries/Assigned to me"},"type":"OpenApiConnection","inputs":{"host":{"connectionName":"shared_visualstudioteamservices_1","operationId":"GetQueryResultsV2","apiId":"/providers/Microsoft.PowerApps/apis/shared_visualstudioteamservices"},"parameters":{"account":"eldert","project":"Implementing ChatOps using Microsoft Power Platform","queryId":"d650e6fe-f2c7-474b-a6c8-8c4911195a8f","workItemsCount":"@triggerBody()['number']"},"authentication":"@parameters('$authentication')"}},"Initialize_variable_Results":{"runAfter":{},"type":"InitializeVariable","inputs":{"variables":[{"name":"Results","type":"string"}]}},"Select":{"runAfter":{"Get_query_results":["Succeeded"]},"type":"Select","inputs":{"from":"@outputs('Get_query_results')?['body/value']","select":{"ID":"@item()?['System.Id']","Title":"@item()?['System.Title']"}}},"Create_HTML_table":{"runAfter":{"Select":["Succeeded"]},"type":"Table","inputs":{"from":"@body('Select')","format":"HTML"}}},"outputs":{},"description":"Call this flow from Power Virtual Agents."},"connectionReferences":{"shared_visualstudioteamservices_1":{"connectionName":"shared-visualstudiot-52a408a2-55f2-4031-b529-be09-3da34ea6","source":"Embedded","id":"/providers/Microsoft.PowerApps/apis/shared_visualstudioteamservices","tier":"NotSpecified"}},"flowFailureAlertSubscribed":false}}